{
  "timestamp": "2025-03-14T22:30:50.060259",
  "avg_match_percentage": 0.6136666666666666,
  "std_match_percentage": 0.10566138006245102,
  "precision": 0.3876663505869274,
  "recall": 0.48546392596838916,
  "f1_score": 0.4310880829015544,
  "sample_matches": [
    0.4444444444444444,
    0.6419753086419753,
    0.6172839506172839,
    0.654320987654321,
    0.5185185185185185,
    0.7283950617283951,
    0.6419753086419753,
    0.6172839506172839,
    0.5679012345679012,
    0.654320987654321
  ]
}