{
  "timestamp": "2025-03-14T22:30:36.476123",
  "avg_match_percentage": 0.6177777777777778,
  "std_match_percentage": 0.0928460727911467,
  "precision": 0.39034072113794244,
  "recall": 0.48499794492396225,
  "f1_score": 0.4325513196480939,
  "sample_matches": [
    0.654320987654321,
    0.5555555555555556,
    0.5432098765432098,
    0.8271604938271605,
    0.5679012345679012,
    0.7901234567901234,
    0.5802469135802469,
    0.6049382716049383,
    0.5555555555555556,
    0.5432098765432098
  ]
}