{
  "timestamp": "2025-03-14T22:38:46.191579",
  "avg_match_percentage": 0.6195987654320988,
  "std_match_percentage": 0.1062464170478122,
  "precision": 0.38897860924862093,
  "recall": 0.4787472313134319,
  "f1_score": 0.42921951499636,
  "sample_matches": [
    0.7283950617283951,
    0.7777777777777778,
    0.7901234567901234,
    0.49382716049382713,
    0.6172839506172839,
    0.5802469135802469,
    0.5679012345679012,
    0.43209876543209874,
    0.7407407407407407,
    0.6296296296296297
  ]
}