{
  "timestamp": "2025-03-14T22:32:01.847802",
  "avg_match_percentage": 0.6170753086419752,
  "std_match_percentage": 0.10581306715435818,
  "precision": 0.38815115094859126,
  "recall": 0.48203397930261677,
  "f1_score": 0.43002813391818556,
  "sample_matches": [
    0.654320987654321,
    0.5802469135802469,
    0.7654320987654321,
    0.7530864197530864,
    0.4567901234567901,
    0.7901234567901234,
    0.691358024691358,
    0.7407407407407407,
    0.48148148148148145,
    0.7407407407407407
  ]
}