{
  "timestamp": "2025-03-14T13:07:16.838951",
  "avg_match_percentage": 0.6117283950617284,
  "avg_ship_cell_prob": 0.47459585666656495,
  "avg_empty_cell_prob": 0.3376921847462654,
  "avg_hit_rate_high_prob": 0.5227538179292353,
  "num_games": 20,
  "sample_match_percentages": [
    0.5185185185185185,
    0.6419753086419753,
    0.691358024691358,
    0.691358024691358,
    0.654320987654321
  ],
  "board_samples": [
    {
      "ships": [
        [
          1,
          0,
          0,
          0,
          1,
          1,
          1,
          1,
          0
        ],
        [
          1,
          0,
          1,
          0,
          0,
          0,
          0,
          0,
          0
        ],
        [
          1,
          0,
          1,
          0,
          0,
          0,
          0,
          0,
          0
        ],
        [
          1,
          0,
          1,
          0,
          0,
          1,
          1,
          1,
          0
        ],
        [
          0,
          0,
          0,
          0,
          0,
          0,
          0,
          0,
          0
        ],
        [
          0,
          0,
          1,
          1,
          1,
          0,
          1,
          1,
          1
        ],
        [
          1,
          0,
          0,
          0,
          0,
          0,
          0,
          0,
          0
        ],
        [
          1,
          0,
          0,
          1,
          1,
          1,
          1,
          0,
          0
        ],
        [
          1,
          0,
          0,
          0,
          0,
          0,
          0,
          0,
          0
        ]
      ],
      "heatmap": [
        [
          0.3099178373813629,
          0.4564027190208435,
          0.597238302230835,
          0.5368004441261292,
          0.6741912961006165,
          0.6741912961006165,
          0.4564027190208435,
          0.4564027190208435,
          0.3099178373813629
        ],
        [
          0.4564027190208435,
          0.597238302230835,
          0.7324244976043701,
          0.4564027190208435,
          0.597238302230835,
          0.4564027190208435,
          0.0,
          0.3099178373813629,
          0.3099178373813629
        ],
        [
          0.5181965827941895,
          0.5181965827941895,
          0.5181965827941895,
          0.0,
          0.597238302230835,
          0.7324244976043701,
          0.5181965827941895,
          0.7324244976043701,
          0.597238302230835
        ],
        [
          0.6741912961006165,
          0.8059329390525818,
          0.9320250749588013,
          0.597238302230835,
          1.0,
          1.0,
          0.6568273901939392,
          0.7324244976043701,
          0.6741912961006165
        ],
        [
          0.6741912961006165,
          0.8059329390525818,
          0.8619613647460938,
          0.597238302230835,
          1.0,
          1.0,
          0.6568273901939392,
          0.597238302230835,
          0.6741912961006165
        ],
        [
          0.6741912961006165,
          0.8059329390525818,
          0.7324244976043701,
          0.597238302230835,
          1.0,
          1.0,
          0.597238302230835,
          0.4564027190208435,
          0.6741912961006165
        ],
        [
          0.5181965827941895,
          0.5181965827941895,
          0.22398671507835388,
          0.0,
          0.4564027190208435,
          0.4564027190208435,
          0.0,
          0.0,
          0.4564027190208435
        ],
        [
          0.3099178373813629,
          0.3099178373813629,
          0.0,
          0.15958012640476227,
          0.604115903377533,
          0.7409957051277161,
          0.4615866243839264,
          0.3099178373813629,
          0.4564027190208435
        ],
        [
          0.3099178373813629,
          0.4564027190208435,
          0.4564027190208435,
          0.5368004441261292,
          0.6741912961006165,
          0.6741912961006165,
          0.4564027190208435,
          0.3099178373813629,
          0.3099178373813629
        ]
      ]
    },
    {
      "ships": [
        [
          1,
          0,
          0,
          0,
          0,
          0,
          1,
          1,
          1
        ],
        [
          1,
          0,
          1,
          1,
          1,
          0,
          0,
          0,
          0
        ],
        [
          1,
          0,
          0,
          0,
          0,
          0,
          0,
          1,
          0
        ],
        [
          1,
          0,
          0,
          1,
          1,
          1,
          0,
          1,
          0
        ],
        [
          0,
          0,
          0,
          0,
          0,
          0,
          0,
          1,
          0
        ],
        [
          0,
          1,
          1,
          1,
          0,
          0,
          0,
          1,
          0
        ],
        [
          0,
          0,
          0,
          0,
          0,
          0,
          0,
          0,
          0
        ],
        [
          0,
          0,
          0,
          0,
          0,
          0,
          0,
          0,
          0
        ],
        [
          0,
          1,
          1,
          1,
          1,
          0,
          1,
          1,
          1
        ]
      ],