{
  "timestamp": "2025-03-14T22:24:05.047648",
  "avg_match_percentage": 0.5952345679012346,
  "avg_ship_cell_prob": 0.483001785248518,
  "avg_empty_cell_prob": 0.35216028480231765,
  "avg_hit_rate_high_prob": 0.4911478575349975,
  "num_games": 1000,
  "sample_match_percentages": [
    0.48148148148148145,
    0.5555555555555556,
    0.5925925925925926,
    0.5925925925925926,
    0.654320987654321
  ],
  "board_samples": [
    {
      "ships": [
        [
          1,
          1,
          1,
          0,
          0,
          0,
          0,
          0,
          0
        ],
        [
          0,
          0,
          0,
          0,
          1,
          0,
          1,
          0,
          0
        ],
        [
          0,
          1,
          0,
          0,
          1,
          0,
          1,
          0,
          1
        ],
        [
          0,
          1,
          0,
          0,
          1,
          0,
          1,
          0,
          1
        ],
        [
          0,
          1,
          0,
          0,
          1,
          0,
          1,
          0,
          1
        ],
        [
          0,
          1,
          0,
          0,
          0,
          0,
          0,
          0,
          0
        ],
        [
          0,
          0,
          0,
          1,
          0,
          0,
          1,
          0,
          1
        ],
        [
          0,
          0,
          0,
          1,
          0,
          0,
          1,
          0,
          1
        ],
        [
          0,
          0,
          0,
          1,
          0,
          0,
          1,
          0,
          1
        ]
      ],
      "heatmap": [
        [
          0.3098820447921753,
          0.45632898807525635,
          0.5971131324768066,
          0.5367923974990845,
          0.6741504669189453,
          0.6741504669189453,
          0.5971131324768066,
          0.3098820447921753,
          0.3153039813041687
        ],
        [
          0.45632898807525635,
          0.5971131324768066,
          0.7322346568107605,
          0.5367923974990845,
          0.8058459162712097,
          0.8058459162712097,
          0.7322346568107605,
          0.3098820447921753,
          0.472835510969162
        ],
        [
          0.5180119276046753,
          0.5180119276046753,
          0.5180119276046753,
          0.0,
          0.5212092399597168,
          0.5212092399597168,
          0.5212092399597168,
          0.0,
          0.0
        ],
        [
          0.5971131324768066,
          0.5971131324768066,
          0.5971131324768066,
          0.0,
          0.6008235812187195,
          0.6008235812187195,
          0.6008235812187195,
          0.0,
          0.0
        ],
        [
          0.6741504669189453,
          0.8058459162712097,
          0.9318785667419434,
          0.6741504669189453,
          1.0,
          1.0,
          0.9318785667419434,
          0.3098820447921753,
          0.7203851342201233
        ],
        [
          0.6741504669189453,
          0.8058459162712097,
          0.9318785667419434,
          0.8058459162712097,
          0.9318785667419434,
          0.8058459162712097,
          0.6741504669189453,
          0.0,
          0.0
        ],
        [
          0.5971131324768066,
          0.7322346568107605,
          0.8616933226585388,
          0.8616933226585388,
          0.9318785667419434,
          0.9318785667419434,
          0.8616933226585388,
          0.3098820447921753,
          0.6303671002388
        ],
        [
          0.45632898807525635,
          0.5971131324768066,
          0.7322346568107605,
          0.8058459162712097,
          0.8058459162712097,
          0.8058459162712097,
          0.7322346568107605,
          0.3098820447921753,
          0.472835510969162
        ],
        [
          0.3098820447921753,
          0.45632898807525635,
          0.5971131324768066,
          0.6741504669189453,
          0.5971131324768066,
          0.45632898807525635,
          0.3098820447921753,
          0.0,
          0.0
        ]
      ]
    },
    {
      "ships": [
        [
          0,
          1,
          0,
          0,
          1,
          0,
          1,
          0,
          0
        ],
        [
          0,
          1,
          0,
          0,
          1,
          0,
          1,
          0,
          0
        ],
        [
          0,
          1,
          0,
          0,
          1,
          0,
          1,
          0,
          0
        ],
        [
          0,
          1,
          0,
          0,
          0,
          0,
          0,
          0,
          0
        ],
        [
          0,
          0,
          0,
          0,
          0,
          1,
          1,
          1,
          0
        ],
        [
          1,
          1,
          1,
          1,
          0,
          0,
          0,
          0,
          0
        ],
        [
          0,
          0,
          0,
          0,
          0,
          1,
          1,
          1,
          1
        ],
        [
          0,
          1,
          1,
          1,
          0,
          0,
          0,
          0,
          0
        ],
        [
          0,
          0,
          0,
          0,
          0,
          1,
          1,
          1,
          0
        ]
      ],