{
  "timestamp": "2025-03-14T13:06:54.379352",
  "avg_match_percentage": 0.5666666666666667,
  "avg_ship_cell_prob": 0.4893790304660797,
  "avg_empty_cell_prob": 0.3766279648989439,
  "avg_hit_rate_high_prob": 0.465682334909305,
  "num_games": 20,
  "sample_match_percentages": [
    0.7037037037037037,
    0.6666666666666666,
    0.41975308641975306,
    0.654320987654321,
    0.691358024691358
  ],
  "board_samples": [
    {
      "ships": [
        [
          1,
          0,
          1,
          0,
          0,
          1,
          1,
          1,
          1
        ],
        [
          1,
          0,
          1,
          0,
          0,
          0,
          0,
          0,
          0
        ],
        [
          1,
          0,
          1,
          0,
          1,
          1,
          1,
          0,
          0
        ],
        [
          1,
          0,
          0,
          0,
          0,
          0,
          0,
          0,
          0
        ],
        [
          0,
          0,
          1,
          0,
          0,
          0,
          0,
          0,
          0
        ],
        [
          0,
          0,
          1,
          0,
          0,
          1,
          1,
          1,
          1
        ],
        [
          0,
          0,
          1,
          0,
          0,
          0,
          0,
          0,
          0
        ],
        [
          0,
          0,
          0,
          0,
          0,
          0,
          0,
          0,
          0
        ],
        [
          0,
          1,
          1,
          1,
          0,
          0,
          1,
          1,
          1
        ]
      ],
      "heatmap": [
        [
          0.13762710988521576,
          0.19194914400577545,
          0.30711862444877625,
          0.2806779444217682,
          0.11999998986721039,
          0.23108474910259247,
          0.22522033751010895,
          0.25593218207359314,
          0.10237287729978561
        ],
        [
          0.15864406526088715,
          0.0,
          0.06881355494260788,
          0.06881355494260788,
          0.0,
          0.0,
          0.0,
          0.0,
          0.0
        ],
        [
          0.13762710988521576,
          0.19194914400577545,
          0.3838982880115509,
          0.23108474910259247,
          1.0,
          0.32759323716163635,
          0.32759323716163635,
          0.6040000319480896,
          0.0
        ],
        [
          0.0,
          0.0,
          0.2718644142150879,
          0.05118643864989281,
          0.0,
          0.0,
          0.0,
          0.0,
          0.05118643864989281
        ],
        [
          0.0,
          0.0,
          0.5097457766532898,
          0.0,
          0.0,
          0.0,
          0.0,
          0.0,
          0.06881355494260788
        ],
        [
          0.10237287729978561,
          0.2580508291721344,
          0.5118643641471863,
          0.20730507373809814,
          0.6551864743232727,
          0.32759323716163635,
          0.32759323716163635,
          1.0,
          0.23108474910259247
        ],
        [
          0.0,
          0.0,
          0.5097457766532898,
          0.0,
          0.0,
          0.0,
          0.0,
          0.0,
          0.20474575459957123
        ],
        [
          0.05118643864989281,
          0.10237287729978561,
          0.4766101837158203,
          0.18711863458156586,
          0.15355931222438812,
          0.12284745275974274,
          0.06142372637987137,
          0.0,
          0.19194914400577545
        ],
        [
          0.0,
          0.05118643864989281,
          0.20389829576015472,
          0.15355931222438812,
          0.15355931222438812,
          0.20389829576015472,
          0.20474575459957123,
          0.19194914400577545,
          0.20474575459957123
        ]
      ]
    },
    {
      "ships": [
        [
          0,
          0,
          0,
          0,
          0,
          0,
          0,
          0,
          0
        ],
        [
          0,
          1,
          1,
          1,
          1,
          0,
          1,
          1,
          1
        ],
        [
          0,
          0,
          0,
          0,
          0,
          0,
          0,
          0,
          0
        ],
        [
          0,
          0,
          0,
          0,
          1,
          1,
          1,
          1,
          0
        ],
        [
          1,
          0,
          0,
          0,
          0,
          0,
          0,
          0,
          0
        ],
        [
          1,
          0,
          0,
          0,
          0,
          0,
          0,
          0,
          0
        ],
        [
          1,
          0,
          1,
          1,
          1,
          0,
          1,
          1,
          1
        ],
        [
          1,
          0,
          0,
          0,
          0,
          0,
          0,
          0,
          0
        ],
        [
          0,
          0,
          1,
          1,
          1,
          0,
          1,
          1,
          1
        ]
      ],